status,n,coef,se_hc3,p,ci_low,ci_high,ci_excludes_zero,full_r2,reduced_r2,delta_r2,full_aic,reduced_aic,delta_aic_full_minus_reduced,nested_f_p,focal_vif,mechanism_id,feature,feature_family,mechanism_type,moderator,controls_used,controls_omitted,bh_q,by_q,holm_p,primary_pass,boot_status,n_boot_valid,boot_ci_low,boot_ci_high,boot_ci_excludes_zero,loo_sign_stability,clean_status,clean_n,clean_coef,clean_p,clean_ci_excludes_zero,clean_delta_aic,clean_bh_q,product_all__sample_mode,product_all__product_gate,product_all__n_product_fit_ok,product_all__expected_sign,product_all__sign_consistency,product_all__gosif_gleam_pass,product_all__gosif_gleam_coef,product_all__gosif_gleam_p,product_all__gosif_gleam_bh_q,product_all__n_opposite_significant_products,product_all__dependency_rank_abscoef_spearman,product_all__dependency_flag,product_clean__sample_mode,product_clean__product_gate,product_clean__n_product_fit_ok,product_clean__expected_sign,product_clean__sign_consistency,product_clean__gosif_gleam_pass,product_clean__gosif_gleam_coef,product_clean__gosif_gleam_p,product_clean__gosif_gleam_bh_q,product_clean__n_opposite_significant_products,product_clean__dependency_rank_abscoef_spearman,product_clean__dependency_flag,bootstrap_gate,clean_gate,product_all_gate,product_clean_gate,tower_strict_gate,FULL_REZA_STRICT_PASS,SATELLITE_STRICT_PASS_NO_TOWER,non_tower_gate_score_0_to_5,full_gate_score_0_to_6,story_category,primary_failure_reason,bootstrap_failure_reason,clean_failure_reason,product_all_failure_reason,product_clean_failure_reason,tower_failure_reason,closest_tier,mechanism_family_clean,failed_gates,dedup_score
FIT_OK,191,0.4533061679897883,0.0961261928745379,4.812512029636177e-06,0.2636270013052296,0.6429853346743469,True,0.4761870657962059,0.4075070065482525,0.0686800592479534,440.52997473321693,462.06201947901775,-21.532044745800818,2.566733510914681e-06,2.991938041225691,hinge_low_q25__p10_temperature,p10_temperature,temperature,hinge_low,,aridity;mean_annual_precipitation;soil_texture_pc1;growing_season_mean_lai;mean_vpd;mean_soil_moisture;lat;lon,temperature:omitted_same_family_as_focal_or_moderator,0.0019667938069389,0.0143394595277183,0.0039606974003905,True,FIT_OK,300,0.2495278033546383,0.623201197885582,True,1.0,FIT_OK,159,0.4461681084534207,0.0004694540513112,True,-14.508919079773932,0.0026418254839028,all,PASS,20,1,0.8,True,0.371326512406317,8.124712737297305e-07,1.624942547459461e-05,0,-0.1700234007142228,False,clean,PASS,20,1,0.9,True,0.5848946756225916,0.0006096421476944,0.0110746268938264,0,-0.3757102464563069,False,True,True,True,True,False,False,True,5,5,temperature gradient,PASS,PASS,PASS,PASS,PASS,needs independent tower-derived same-feature/uWUE-response test,TIER_1_SATELLITE_STRICT_PASS_NO_TOWER,low-threshold / sparse-tail cold-tail temperature regime,tower,807.2937588321092
FIT_OK,191,0.4756745122679605,0.1079939270384681,1.8201100844432195e-05,0.2625695092210717,0.6887795153148493,True,0.5192431811294496,0.4081617380719776,0.1110814430574719,426.1473209221987,463.8508391471587,-37.70351822496002,1.1181781646403542e-09,2.0369400630157037,hinge_low_q10__median_lai,median_lai,canopy_structure,hinge_low,,aridity;mean_annual_temperature;mean_annual_precipitation;soil_texture_pc1;growing_season_mean_lai;mean_vpd;mean_soil_moisture;lat;lon,,0.0024916755818245,0.0181662566943833,0.0149067015915899,True,FIT_OK,300,0.2757097286003533,0.6897473815810177,True,1.0,FIT_OK,159,0.4747337113479239,3.141425563026789e-05,True,-26.89826277544222,0.0012251559695804,all,PASS,20,1,0.85,True,0.3370204282815852,0.0010670809346193,0.0072329041798976,0,-0.0804500969233151,False,clean,PASS,20,1,0.85,True,0.3395214584456553,0.0079110595525572,0.039555297762786,0,-0.055568623648063,False,True,True,True,True,False,False,True,5,5,canopy structure/productivity,PASS,PASS,PASS,PASS,PASS,needs independent tower-derived same-feature/uWUE-response test,TIER_1_SATELLITE_STRICT_PASS_NO_TOWER,low-threshold / sparse-tail LAI / canopy structure,tower,807.6565891520836
FIT_OK,191,0.3168542434761096,0.0799278672993863,0.0001060821822025,0.1591381120985882,0.4745703748536309,True,0.4573568337558965,0.4075070065482525,0.0498498272076439,447.27558413694646,462.06201947901775,-14.786435342071286,7.129686104200227e-05,2.0139811355940536,quadratic__p10_temperature,p10_temperature,temperature,quadratic,,aridity;mean_annual_precipitation;soil_texture_pc1;growing_season_mean_lai;mean_vpd;mean_soil_moisture;lat;lon,temperature:omitted_same_family_as_focal_or_moderator,0.0062390394204098,0.0454874593082258,0.0861387319484989,True,FIT_OK,300,0.1537061866271905,0.4678498875657033,True,1.0,FIT_OK,159,0.3432044937986525,0.0009618132894521,True,-12.352410251269532,0.003514116448104,all,PASS,47,1,0.9148936170212766,True,0.2616379741611548,9.72592342545412e-05,0.0045711840099634,0,0.1034104913741914,False,clean,PASS,47,1,0.8936170212765957,True,0.4502259978898936,0.0005197387665129,0.0244277220261077,0,0.0264970650361696,False,True,True,True,True,False,False,True,5,5,temperature gradient,PASS,PASS,PASS,PASS,PASS,needs independent tower-derived same-feature/uWUE-response test,TIER_1_SATELLITE_STRICT_PASS_NO_TOWER,nonlinear/quadratic cold-tail temperature regime,tower,808.8207601746286
FIT_OK,191,0.2992133899837887,0.0857816374492415,0.0006114857375577,0.129946418915397,0.4684803610521805,True,0.4420208419647834,0.4066220704131991,0.0353987715515843,452.5986890026394,462.3470805761165,-9.748391573477136,0.0008910781092888,2.529145753409174,quadratic__mat,mat,temperature,quadratic,,aridity;mean_annual_precipitation;soil_texture_pc1;growing_season_mean_lai;mean_vpd;mean_soil_moisture;lat;lon,temperature:omitted_same_family_as_focal_or_moderator,0.0167538390948921,0.1221485428658197,0.4867426470959388,True,FIT_OK,300,0.1493081382698572,0.465890618382326,True,1.0,FIT_OK,159,0.3615564672656055,0.0016419937893799,True,-10.12175371467282,0.003849017173044,all,PASS,47,1,0.8723404255319149,True,0.2946963562606059,0.0001606781652021,0.0075518737645025,0,0.1552056592276995,False,clean,PASS,47,1,0.8936170212765957,True,0.4624649222063175,0.0010198794021003,0.0406000432670958,0,0.0132485325180848,False,True,True,True,True,False,False,True,5,5,other ecological,PASS,PASS,PASS,PASS,PASS,needs independent tower-derived same-feature/uWUE-response test,TIER_1_SATELLITE_STRICT_PASS_NO_TOWER,nonlinear/quadratic temperature regime,tower,810.0105006720303
FIT_OK,191,0.4036104898330087,0.1166758106273902,0.000676233135192,0.1733821839961836,0.6338387956698337,True,0.4283919206207683,0.3890599619727298,0.0393319586480385,457.2078952987496,467.9180354304872,-10.71014013173766,0.0005479126794465,4.141706467276699,hinge_low_q25__p10_vpd,p10_vpd,baseline_vpd,hinge_low,,aridity;mean_annual_temperature;mean_annual_precipitation;soil_texture_pc1;growing_season_mean_lai;mean_soil_moisture;lat;lon,baseline_vpd:omitted_same_family_as_focal_or_moderator,0.0172393188972373,0.1256880689476549,0.5355766430721197,True,FIT_OK,300,0.2010329383707831,0.6261171197222155,True,1.0,FIT_OK,159,0.3927257816132337,0.0019784587650918,True,-8.484704216768876,0.0042087213730135,all,PASS,20,1,0.8,True,0.4272970617895987,2.222462162469245e-05,0.0001481641441646,0,-0.2081749930696093,False,clean,PASS,20,1,0.8,True,0.411812605824504,0.0003328617908631,0.0044305974262366,0,-0.3259472999058027,False,True,True,True,True,False,False,True,5,5,VPD stress,PASS,PASS,PASS,PASS,PASS,needs independent tower-derived same-feature/uWUE-response test,TIER_1_SATELLITE_STRICT_PASS_NO_TOWER,low-threshold / sparse-tail low-tail VPD regime,tower,810.0666165506572
FIT_OK,191,0.3447319004367837,0.111957085874149,0.0024012691359421,0.1238147277286448,0.5656490731449225,True,0.4654250580274877,0.4066220704131991,0.0588029876142885,444.4144000528287,462.3470805761165,-17.932680523287843,1.50352126330079e-05,2.020987164092321,hinge_low_q10__mat,mat,temperature,hinge_low,,aridity;mean_annual_precipitation;soil_texture_pc1;growing_season_mean_lai;mean_vpd;mean_soil_moisture;lat;lon,temperature:omitted_same_family_as_focal_or_moderator,0.0299118631130943,0.2180807916903205,1.0,True,FIT_OK,300,0.1005028216915494,0.5409903447206657,True,1.0,FIT_OK,159,0.3298884653356188,0.0164795504126852,True,-12.052889450188616,0.0175906301632095,all,PASS,20,1,0.8,True,0.3422402033097013,0.0021899644050209,0.0411650740891359,0,-0.2214451121497438,False,clean,PASS,20,1,0.9,True,0.3669900688041855,0.008410600285194,0.0560706685679604,0,-0.3358998892159036,False,True,True,True,True,False,False,True,5,5,other ecological,PASS,PASS,PASS,PASS,PASS,needs independent tower-derived same-feature/uWUE-response test,TIER_1_SATELLITE_STRICT_PASS_NO_TOWER,low-threshold / sparse-tail temperature regime,tower,810.8562843034883
FIT_OK,191,-0.3061132824060475,0.1003127072245404,0.0026208611435202,-0.5040534082472625,-0.1081731565648325,True,0.4369259273744105,0.4076741070065099,0.0292518203679005,454.33479815457,462.008144261288,-7.673346106717986,0.0025686172630947,3.203402061371618,interaction_with_mean_vpd__sd_temperature,sd_temperature,temperature,interaction,mean_vpd,aridity;mean_annual_precipitation;soil_texture_pc1;growing_season_mean_lai;mean_soil_moisture;lat;lon,temperature:omitted_same_family_as_focal_or_moderator;baseline_vpd:omitted_same_family_as_focal_or_moderator,0.0308138388731028,0.2246568978688097,1.0,True,FIT_OK,300,-0.5412748119210788,-0.1325134428319913,True,1.0,FIT_OK,159,-0.2478454335795464,0.0241035564098044,True,-3.417564720051871,0.0251796080352421,all,PASS,47,-1,0.8085106382978723,True,-0.3118137573369304,7.714750396230866e-05,0.0036259326862285,0,-0.1459736501426992,False,clean,PASS,47,-1,0.8085106382978723,True,-0.3700738519416989,8.822470756501183e-05,0.0041465612555555,0,-0.2280426140216953,False,True,True,True,True,False,False,True,5,5,temperature gradient,PASS,PASS,PASS,PASS,PASS,needs independent tower-derived same-feature/uWUE-response test,TIER_1_SATELLITE_STRICT_PASS_NO_TOWER,sd_temperature × VPD regime interaction,tower,810.9071898193877
FIT_OK,191,0.3411711778073134,0.087861256158709,0.0001446981908428,0.1678006390011641,0.5145417166134627,True,0.4490043995934689,0.4116037571072805,0.0374006424861884,450.1930848547754,460.7367766503656,-10.543691795590178,0.0005959233407672,3.112186444642318,interaction_with_mean_annual_temperature__sd_precipitation,sd_precipitation,precipitation,interaction,mean_annual_temperature,aridity;soil_texture_pc1;growing_season_mean_lai;mean_vpd;mean_soil_moisture;lat;lon,temperature:omitted_same_family_as_focal_or_moderator;precipitation:omitted_same_family_as_focal_or_moderator,0.0070050947684533,0.05107259976398,0.11677144001022,True,FIT_OK,300,0.1825852467909718,0.5143247482960814,True,1.0,FIT_OK,159,0.2840983280316505,0.0008289207396126,True,-8.623250341235632,0.003514116448104,all,PASS,47,1,0.8936170212765957,True,0.313288207626735,0.0014880957689822,0.0233135003807225,0,-0.0582695638351965,False,clean,FAIL,47,1,0.851063829787234,False,0.2971786274693655,0.0071562877257571,0.1121151743701951,0,0.0019782876610714,False,True,True,True,False,False,False,False,4,4,hydroclimate,PASS,PASS,PASS,PASS,gate=FAIL; GOSIF×GLEAM fail coef=0.2971786274693655 p=0.007156287725757138 q=0.11211517437019518,needs independent tower-derived same-feature/uWUE-response test,TIER_2_ONE_NON_TOWER_GATE_SHORT,sd_precipitation × temperature regime interaction,clean-product robustness; tower,249.00587711619815
FIT_OK,191,0.3197713720850413,0.0842859178252859,0.0002023765922189,0.1534558010813116,0.4860869430887709,True,0.4532424269179659,0.4125719808282717,0.0406704460896941,448.7183139133313,460.4222215276764,-11.703907614345098,0.000332277730936,2.51420233207279,interaction_with_mean_annual_temperature__p90_precipitation,p90_precipitation,precipitation,interaction,mean_annual_temperature,aridity;soil_texture_pc1;growing_season_mean_lai;mean_vpd;mean_soil_moisture;lat;lon,temperature:omitted_same_family_as_focal_or_moderator;precipitation:omitted_same_family_as_focal_or_moderator,0.0075707243361912,0.0551964800943144,0.1623060269596097,True,FIT_OK,300,0.1863921438404639,0.5021117895346202,True,1.0,FIT_OK,159,0.298757240549033,0.0005388914237617,True,-11.800988427405969,0.0028046871446348,all,PASS,47,1,0.8723404255319149,True,0.2999886101253085,0.0010637714912202,0.0206160921541537,0,-0.1579033242200698,False,clean,FAIL,47,1,0.7446808510638298,False,0.3074789279659269,0.0036892221740197,0.173393442178926,0,0.0389662721120141,False,True,True,True,False,False,False,False,4,4,hydroclimate,PASS,PASS,PASS,PASS,gate=FAIL; GOSIF×GLEAM fail coef=0.30747892796592696 p=0.003689222174019704 q=0.17339344217892608; sign consistency=0.7446808510638298,needs independent tower-derived same-feature/uWUE-response test,TIER_2_ONE_NON_TOWER_GATE_SHORT,p90_precipitation × temperature regime interaction,clean-product robustness; tower,249.185297711654
FIT_OK,191,0.3877798671207738,0.1037021764261201,0.0002477412215272,0.1831515361771501,0.5924081980643976,True,0.4216284957833554,0.391912614932884,0.0297158808504713,459.45459438347393,467.02411344049307,-7.569519057019136,0.0027094405159864,5.0603657384707414,hinge_low_q25__median_vpd,median_vpd,baseline_vpd,hinge_low,,aridity;mean_annual_temperature;mean_annual_precipitation;soil_texture_pc1;growing_season_mean_lai;mean_soil_moisture;lat;lon,baseline_vpd:omitted_same_family_as_focal_or_moderator,0.0081556410126765,0.0594609784773973,0.1979452360002608,True,FIT_OK,300,0.171143614627302,0.5857454388286469,True,1.0,FIT_OK,159,0.4038578035849483,0.0008710023722362,True,-6.495654931781303,0.003514116448104,all,FAIL,47,1,0.7446808510638298,True,0.4067771072537369,5.901797947232909e-05,0.0009246150117331,0,0.0296743149160723,False,clean,PASS,47,1,0.7659574468085106,True,0.4821895551579868,6.759540664608422e-05,0.0031769841123659,0,-0.0077333063114612,False,True,True,False,True,False,False,False,4,4,VPD stress,PASS,PASS,PASS,gate=FAIL; sign consistency=0.7446808510638298,PASS,needs independent tower-derived same-feature/uWUE-response test,TIER_2_ONE_NON_TOWER_GATE_SHORT,low-threshold / sparse-tail VPD regime,all-product robustness; tower,249.3054563757825
FIT_OK,191,0.2404765613128597,0.0733743245513263,0.001257271646535,0.0956920824861273,0.385261040139592,True,0.4434326728536356,0.4066467415381756,0.03678593131546,452.1147973972395,462.3391391232944,-10.224341726054943,0.0007002675927955,1.5720405729283164,interaction_with_mean_annual_precipitation__p90_temperature,p90_temperature,temperature,interaction,mean_annual_precipitation,aridity;soil_texture_pc1;growing_season_mean_lai;mean_vpd;mean_soil_moisture;lat;lon,temperature:omitted_same_family_as_focal_or_moderator;precipitation:omitted_same_family_as_focal_or_moderator,0.0211170319407818,0.1539596188436519,0.97438552606463,True,FIT_OK,300,0.1143499746350479,0.3776963745325012,True,1.0,FIT_OK,159,0.252443944791679,0.0018456370837898,True,-10.036757167601706,0.0039988803482113,all,FAIL,47,1,0.7446808510638298,True,0.2734457394733001,0.0004290524780766,0.0201654664696005,0,-0.163178757982927,False,clean,PASS,47,1,0.8085106382978723,True,0.3156671499908923,0.0017750636685701,0.0834279924227952,0,-0.0678013134749046,False,True,True,False,True,False,False,False,4,4,temperature gradient,PASS,PASS,PASS,gate=FAIL; sign consistency=0.7446808510638298,PASS,needs independent tower-derived same-feature/uWUE-response test,TIER_2_ONE_NON_TOWER_GATE_SHORT,warm-tail temperature regime × mean_annual_precipitation interaction,all-product robustness; tower,250.42406199845615
FIT_OK,191,0.2441378112027052,0.0780106699014605,0.0020429493319999,0.0902047528246835,0.3980708695807269,True,0.4556418740814167,0.4116037571072806,0.0440381169741361,447.878265241312,460.7367766503655,-12.858511409053506,0.0001863254012804,1.3534473077914009,interaction_with_mean_vpd__sd_precipitation,sd_precipitation,precipitation,interaction,mean_vpd,aridity;mean_annual_temperature;soil_texture_pc1;growing_season_mean_lai;mean_soil_moisture;lat;lon,precipitation:omitted_same_family_as_focal_or_moderator;baseline_vpd:omitted_same_family_as_focal_or_moderator,0.0271185048425151,0.1977150331008485,1.0,True,FIT_OK,300,0.0978763301381823,0.3875125572492393,True,1.0,FIT_OK,159,0.2513662855918632,0.0016386426126648,True,-9.975243700414351,0.003849017173044,all,FAIL,47,1,0.7446808510638298,True,0.2780607316559141,0.0007511883200356,0.0117686170138921,2,-0.0365683476743517,False,clean,PASS,47,1,0.7659574468085106,True,0.2943185566880529,0.0029765670297894,0.046632883466702,0,0.1173184531126334,False,True,True,False,True,False,False,False,4,4,hydroclimate,PASS,PASS,PASS,gate=FAIL; sign consistency=0.7446808510638298; opposite significant products=2,PASS,needs independent tower-derived same-feature/uWUE-response test,TIER_2_ONE_NON_TOWER_GATE_SHORT,sd_precipitation × VPD regime interaction,all-product robustness; tower,250.7435233370252
FIT_OK,198,0.2924003269185034,0.0637846941862161,8.29555495662489e-06,0.1665746403524045,0.4182260134846023,True,0.4416235250158944,0.3862647559081946,0.0553587691076997,466.52073131496655,483.2377139587271,-16.71698264376056,2.552699341025171e-05,1.5444337466339373,low_tail_q25__soil_silt,soil_silt,soil_texture,low_tail,,aridity;mean_annual_temperature;mean_annual_precipitation;growing_season_mean_lai;mean_vpd;mean_soil_moisture;lat;lon,soil_texture:omitted_same_family_as_focal_or_moderator,0.0019667938069389,0.0143394595277183,0.0068189461743456,True,FIT_OK,300,0.173799496344825,0.4098921692367385,True,1.0,FIT_OK,164,0.3205189811520282,4.075372978166247e-06,True,-17.702045708017067,0.0002384093192227,all,FAIL,47,1,0.8297872340425532,False,0.2490072864090216,0.01140335160688,0.1786525085077872,2,0.1162993352266269,False,clean,FAIL,47,1,0.7446808510638298,False,0.2564908766543441,0.0200447152688812,0.3049141343099725,2,0.0896224258576326,False,True,True,False,False,False,False,False,3,3,soil texture,PASS,PASS,PASS,gate=FAIL; GOSIF×GLEAM fail coef=0.2490072864090216 p=0.011403351606880035 q=0.17865250850778722; opposite significant products=2,gate=FAIL; GOSIF×GLEAM fail coef=0.2564908766543441 p=0.020044715268881293 q=0.3049141343099725; sign consistency=0.7446808510638298; opposite significant products=2,needs independent tower-derived same-feature/uWUE-response test,TIER_3_TWO_NON_TOWER_GATES_SHORT,low-threshold / sparse-tail soil texture,all-product robustness; clean-product robustness; tower,187.29375883210923
FIT_OK,191,0.4144031768298669,0.0909416952563551,9.559143654624308e-06,0.2349542206476476,0.5938521330120862,True,0.4426987875321756,0.3890599619727298,0.0536388255594457,452.3664826037008,467.9180354304872,-15.551552826786462,4.877340072642912e-05,3.2015986773678495,interaction_with_mean_annual_precipitation__p10_vpd,p10_vpd,baseline_vpd,interaction,mean_annual_precipitation,aridity;mean_annual_temperature;soil_texture_pc1;growing_season_mean_lai;mean_soil_moisture;lat;lon,precipitation:omitted_same_family_as_focal_or_moderator;baseline_vpd:omitted_same_family_as_focal_or_moderator,0.0019667938069389,0.0143394595277183,0.0078384977967919,True,FIT_OK,300,0.2733904116336965,0.6184959160812299,True,1.0,FIT_OK,159,0.4340905856547914,0.0006496857351741,True,-10.430163004197937,0.0030405292406152,all,FAIL,47,1,0.6595744680851063,False,0.259923478096618,0.0291069876792198,0.2310538317564009,0,0.0444814983186377,False,clean,FAIL,47,1,0.7872340425531915,False,0.3408577010686807,0.0508918572385203,0.7597219403699682,0,0.1944716718944215,False,True,True,False,False,False,False,False,3,3,VPD stress,PASS,PASS,PASS,gate=FAIL; GOSIF×GLEAM fail coef=0.25992347809661803 p=0.029106987679219817 q=0.23105383175640098; sign consistency=0.6595744680851063,gate=FAIL; GOSIF×GLEAM fail coef=0.34085770106868074 p=0.050891857238520334 q=0.7597219403699682,needs independent tower-derived same-feature/uWUE-response test,TIER_3_TWO_NON_TOWER_GATES_SHORT,low-tail VPD regime × mean_annual_precipitation interaction,all-product robustness; clean-product robustness; tower,187.29375883210923
FIT_OK,191,-0.4095612804909756,0.1005631659611262,6.956234766326587e-05,-0.6079956192311291,-0.2111269417508221,True,0.435584364121186,0.4033375164673197,0.0322468476538663,454.7893277176506,463.4014168654759,-8.612089147825259,0.0015882582272628,5.201762487853438,hinge_high_q75__p90_vpd,p90_vpd,baseline_vpd,hinge_high,,aridity;mean_annual_temperature;mean_annual_precipitation;soil_texture_pc1;growing_season_mean_lai;mean_soil_moisture;lat;lon,baseline_vpd:omitted_same_family_as_focal_or_moderator,0.0052045283751698,0.0379450676188372,0.0565541886502351,True,FIT_OK,300,-0.6162673548631207,-0.234710178825447,True,1.0,FIT_OK,159,-0.4220931823312702,0.0002311673758509,True,-6.525962907795872,0.0019318987838968,all,FAIL,47,-1,0.5531914893617021,False,0.340334487344676,0.0036585152314931,0.0286583693133628,3,0.1570640506668879,False,clean,FAIL,47,-1,0.5531914893617021,False,0.4190328632024717,0.0038803293199486,0.045593869509397,2,0.1543064375635761,False,True,True,False,False,False,False,False,3,3,VPD stress,PASS,PASS,PASS,gate=FAIL; GOSIF×GLEAM fail coef=0.34033448734467603 p=0.0036585152314931257 q=0.02865836931336282; sign consistency=0.5531914893617021; opposite significant products=3,gate=FAIL; GOSIF×GLEAM fail coef=0.4190328632024717 p=0.0038803293199486865 q=0.04559386950939707; sign consistency=0.5531914893617021; opposite significant products=2,needs independent tower-derived same-feature/uWUE-response test,TIER_3_TWO_NON_TOWER_GATES_SHORT,high-threshold / upper-tail high-tail VPD regime,all-product robustness; clean-product robustness; tower,188.55875561126388
FIT_OK,191,-0.227447688904489,0.0578912583552767,0.0001212935974806,-0.3416762330076586,-0.1132191448013195,True,0.4086298729359168,0.3688164946080702,0.0398133783278465,461.6997013349021,472.1442190747936,-10.444517739891523,0.0006049716839731,1.299373561369196,high_tail_q75__median_vpd_sm_interaction_all,median_vpd_sm_interaction_all,baseline_vpd,high_tail,,aridity;mean_annual_temperature;mean_annual_precipitation;soil_texture_pc1;growing_season_mean_lai;mean_soil_moisture;lat;lon,baseline_vpd:omitted_same_family_as_focal_or_moderator,0.0062390394204098,0.0454874593082258,0.0980052267643482,True,FIT_OK,300,-0.3252769217142137,-0.1131321306711671,True,1.0,FIT_OK,159,-0.2248987541024636,8.75913903401122e-05,True,-8.658226523854466,0.0019318987838968,all,FAIL,47,-1,0.7021276595744681,True,-0.2565700543014252,1.260126634795514e-05,0.0005922595183538,0,-0.1170187125579256,False,clean,FAIL,47,-1,0.7021276595744681,True,-0.2899034387658893,1.7551701164772146e-05,0.0008249299547442,0,-0.3049560403597172,False,True,True,False,False,False,False,False,3,3,VPD stress,PASS,PASS,PASS,gate=FAIL; sign consistency=0.7021276595744681,gate=FAIL; sign consistency=0.7021276595744681,needs independent tower-derived same-feature/uWUE-response test,TIER_3_TWO_NON_TOWER_GATES_SHORT,high-threshold / upper-tail median_vpd_sm_interaction_all,all-product robustness; clean-product robustness; tower,188.87895560676722
FIT_OK,191,-0.545407113977335,0.1426185903472799,0.000180357010849,-0.8268159898638827,-0.2639982380907873,True,0.4066220704131991,0.3688164946080702,0.0378055758051288,462.3470805761165,472.1442190747936,-9.7971384986771,0.0008408575757552,7.868387496871037,linear__mean_vpd,mean_vpd,baseline_vpd,linear,,aridity;mean_annual_temperature;mean_annual_precipitation;soil_texture_pc1;growing_season_mean_lai;mean_soil_moisture;lat;lon,baseline_vpd:omitted_same_family_as_focal_or_moderator,0.0075707243361912,0.0551964800943144,0.1453677507443636,True,FIT_OK,300,-0.8025865714392806,-0.208860978486217,True,1.0,FIT_OK,159,-0.6600484753238738,0.0002303964846127,True,-9.306077430537757,0.0019318987838968,all,FAIL,47,1,0.6595744680851063,True,0.5498002964983459,0.0010086522704944,0.0026337031507354,15,0.1535870602322774,False,clean,FAIL,47,1,0.574468085106383,True,0.7325177052870575,0.0006671460625246,0.002411989610666,9,-0.038846375890131,False,True,True,False,False,False,False,False,3,3,VPD stress,PASS,PASS,PASS,gate=FAIL; sign consistency=0.6595744680851063; opposite significant products=15,gate=FAIL; sign consistency=0.574468085106383; opposite significant products=9,needs independent tower-derived same-feature/uWUE-response test,TIER_3_TWO_NON_TOWER_GATES_SHORT,linear VPD regime,all-product robustness; clean-product robustness; tower,189.13527046192686
FIT_OK,191,-0.294838228456772,0.0775931429078242,0.0001976381413435,-0.4479416848086073,-0.1417347721049366,True,0.4131511811574051,0.3665896562229869,0.0465615249344182,460.2338038253859,472.8168881241487,-12.5830842987628,0.000205327403478,1.866983117111557,linear__soil_silt,soil_silt,soil_texture,linear,,aridity;mean_annual_temperature;mean_annual_precipitation;growing_season_mean_lai;mean_vpd;mean_soil_moisture;lat;lon,soil_texture:omitted_same_family_as_focal_or_moderator,0.0075707243361912,0.0551964800943144,0.1590987037815782,True,FIT_OK,300,-0.4250864421770614,-0.1466089318749346,True,1.0,FIT_OK,159,-0.280045182056599,0.000474173804803,True,-10.488812063764271,0.0026418254839028,all,FAIL,47,-1,0.8297872340425532,False,-0.2503766840570922,0.0631078778873758,0.268907885211041,0,0.0514354791878587,False,clean,FAIL,47,-1,0.8085106382978723,False,-0.2396436756573493,0.1000464280555071,0.3366209080610429,0,0.076613685783314,False,True,True,False,False,False,False,False,3,3,soil texture,PASS,PASS,PASS,gate=FAIL; GOSIF×GLEAM fail coef=-0.25037668405709224 p=0.06310787788737586 q=0.26890788521104103,gate=FAIL; GOSIF×GLEAM fail coef=-0.23964367565734934 p=0.10004642805550712 q=0.33662090806104294,needs independent tower-derived same-feature/uWUE-response test,TIER_3_TWO_NON_TOWER_GATES_SHORT,linear soil texture,all-product robustness; clean-product robustness; tower,189.17500819400522
FIT_OK,191,0.3193771951766843,0.0845086527660691,0.0002137348143746,0.1526221167224262,0.4861322736309424,True,0.4512626385695559,0.391912614932884,0.0593500236366719,449.4086685179994,467.02411344049307,-17.61544492249368,1.758064369862096e-05,1.7186478883876894,interaction_with_mean_annual_precipitation__median_vpd,median_vpd,baseline_vpd,interaction,mean_annual_precipitation,aridity;mean_annual_temperature;soil_texture_pc1;growing_season_mean_lai;mean_soil_moisture;lat;lon,precipitation:omitted_same_family_as_focal_or_moderator;baseline_vpd:omitted_same_family_as_focal_or_moderator,0.0076479892274046,0.0557598013619324,0.1712015863140658,True,FIT_OK,300,0.1451859818665579,0.4728051197765312,True,1.0,FIT_OK,159,0.3057721171779455,0.0005998211604094,True,-13.640715835565745,0.0029241281569961,all,FAIL,47,1,0.6808510638297872,True,0.3607774008375206,0.0002439723525816,0.0038222335237793,0,0.0809898978820479,False,clean,FAIL,47,1,0.723404255319149,True,0.3625737857628082,0.0008929194330523,0.0139890711178197,0,0.0399254418870791,False,True,True,False,False,False,False,False,3,3,VPD stress,PASS,PASS,PASS,gate=FAIL; sign consistency=0.6808510638297872,gate=FAIL; sign consistency=0.723404255319149,needs independent tower-derived same-feature/uWUE-response test,TIER_3_TWO_NON_TOWER_GATES_SHORT,VPD regime × mean_annual_precipitation interaction,all-product robustness; clean-product robustness; tower,189.21342253588898
FIT_OK,191,-0.4429066337068151,0.118075883810161,0.0002372872956935,-0.6758976071024393,-0.2099156603111908,True,0.4260832711071866,0.3890599619727298,0.0370233091344567,457.9777654070445,467.9180354304872,-9.940270023442793,0.0008085251982457,5.2984536165875795,hinge_high_q90__p10_vpd,p10_vpd,baseline_vpd,hinge_high,,aridity;mean_annual_temperature;mean_annual_precipitation;soil_texture_pc1;growing_season_mean_lai;mean_soil_moisture;lat;lon,baseline_vpd:omitted_same_family_as_focal_or_moderator,0.008136976848157,0.0593249021735155,0.1898298365548192,True,FIT_OK,300,-0.6820620930774961,-0.2389958950827848,True,1.0,FIT_OK,159,-0.4622528307664431,0.0009245189182176,True,-7.965015666542115,0.003514116448104,all,FAIL,47,-1,0.6170212765957447,False,-0.3608353343605503,0.0184433596138038,0.4475745155395195,0,-0.2613138155942612,False,clean,FAIL,47,-1,0.5957446808510638,False,-0.4728715016400622,0.0117468061893445,0.5520998908991946,0,-0.4234734556911818,False,True,True,False,False,False,False,False,3,3,VPD stress,PASS,PASS,PASS,gate=FAIL; GOSIF×GLEAM fail coef=-0.3608353343605503 p=0.01844335961380381 q=0.4475745155395195; sign consistency=0.6170212765957447,gate=FAIL; GOSIF×GLEAM fail coef=-0.4728715016400622 p=0.011746806189344566 q=0.5520998908991946; sign consistency=0.5957446808510638,needs independent tower-derived same-feature/uWUE-response test,TIER_3_TWO_NON_TOWER_GATES_SHORT,high-threshold / upper-tail low-tail VPD regime,all-product robustness; clean-product robustness; tower,189.2857375671296
FIT_OK,191,-0.215094320752617,0.0580754657196113,0.0002820146801242,-0.329686334913941,-0.100502306591293,True,0.4051470518068717,0.3688164946080702,0.0363305571988015,462.82127915787106,472.1442190747936,-9.322939916922564,0.0010709719962499,1.2734615262536062,high_tail_q75__median_vpd_sm_interaction,median_vpd_sm_interaction,baseline_vpd,high_tail,,aridity;mean_annual_temperature;mean_annual_precipitation;soil_texture_pc1;growing_season_mean_lai;mean_soil_moisture;lat;lon,baseline_vpd:omitted_same_family_as_focal_or_moderator,0.0089268492977798,0.0650836878598771,0.2250477147391684,True,FIT_OK,300,-0.3216694825871165,-0.0981809086574701,True,1.0,FIT_OK,159,-0.213722312589271,0.0002653981293026,True,-7.907122724661065,0.002070105408561,all,FAIL,47,-1,0.5957446808510638,True,-0.2850862355172869,1.6557432416173144e-06,7.781993235601377e-05,0,-0.1606609373233815,False,clean,FAIL,47,-1,0.5106382978723404,True,-0.3309543583800596,1.690461279340916e-06,7.945168012902306e-05,1,-0.044301653985813,False,True,True,False,False,False,False,False,3,3,VPD stress,PASS,PASS,PASS,gate=FAIL; sign consistency=0.5957446808510638,gate=FAIL; sign consistency=0.5106382978723404; opposite significant products=1,needs independent tower-derived same-feature/uWUE-response test,TIER_3_TWO_NON_TOWER_GATES_SHORT,high-threshold / upper-tail median_vpd_sm_interaction,all-product robustness; clean-product robustness; tower,189.40096991899372
FIT_OK,191,-0.4895390353072273,0.1342468187893664,0.0003472809740046,-0.7544290911889302,-0.2246489794255244,True,0.4033375164673197,0.3688164946080702,0.0345210218592495,463.4014168654759,472.1442190747936,-8.742802209317745,0.0014411349687845,6.942102353361273,linear__p90_vpd,p90_vpd,baseline_vpd,linear,,aridity;mean_annual_temperature;mean_annual_precipitation;soil_texture_pc1;growing_season_mean_lai;mean_soil_moisture;lat;lon,baseline_vpd:omitted_same_family_as_focal_or_moderator,0.0105856385779942,0.0771775543672501,0.2767829362817227,True,FIT_OK,300,-0.7423359653572867,-0.2209771837104406,True,1.0,FIT_OK,159,-0.604891080714779,0.0015818974626073,True,-7.32098143779956,0.003849017173044,all,FAIL,47,1,0.6808510638297872,True,0.4632598651335566,0.0015789337943895,0.0033731767425594,15,0.1613203665437387,False,clean,FAIL,47,1,0.6595744680851063,True,0.508026271072284,0.013696163349775,0.0279878120625838,9,0.0287151451410073,False,True,True,False,False,False,False,False,3,3,VPD stress,PASS,PASS,PASS,gate=FAIL; sign consistency=0.6808510638297872; opposite significant products=15,gate=FAIL; sign consistency=0.6595744680851063; opposite significant products=9,needs independent tower-derived same-feature/uWUE-response test,TIER_3_TWO_NON_TOWER_GATES_SHORT,linear high-tail VPD regime,all-product robustness; clean-product robustness; tower,189.56539805281363
FIT_OK,191,-0.2646580885791124,0.0766473637932863,0.0006912485098527,-0.4159010293232029,-0.1134151478350218,True,0.4290226561805541,0.4033375164673197,0.0256851397132343,456.997021780306,463.4014168654759,-6.404395085169881,0.0049476284766975,2.7270205508852374,quadratic__p90_vpd,p90_vpd,baseline_vpd,quadratic,,aridity;mean_annual_temperature;mean_annual_precipitation;soil_texture_pc1;growing_season_mean_lai;mean_soil_moisture;lat;lon,baseline_vpd:omitted_same_family_as_focal_or_moderator,0.0172393188972373,0.1256880689476549,0.5467775712935422,True,FIT_OK,300,-0.4066919841394598,-0.1037741658613006,True,1.0,FIT_OK,159,-0.2728262245629058,0.0013964826088615,True,-5.08874073383123,0.003849017173044,all,FAIL,47,-1,0.5106382978723404,False,0.257355752227171,0.0015590056461317,0.0472260201847281,2,0.0493372953049041,False,clean,FAIL,47,1,0.5106382978723404,True,0.3323284296580342,0.0008213094422669,0.0386015437865483,2,0.1814029837091614,False,True,True,False,False,False,False,False,3,3,VPD stress,PASS,PASS,PASS,gate=FAIL; GOSIF×GLEAM fail coef=0.257355752227171 p=0.0015590056461317716 q=0.047226020184728115; sign consistency=0.5106382978723404; opposite significant products=2,gate=FAIL; sign consistency=0.5106382978723404; opposite significant products=2,needs independent tower-derived same-feature/uWUE-response test,TIER_3_TWO_NON_TOWER_GATES_SHORT,nonlinear/quadratic high-tail VPD regime,all-product robustness; clean-product robustness; tower,190.07615431151595
FIT_OK,191,0.2702461192777313,0.0786994013032146,0.0007383960952779,0.1149540348689512,0.4255382036865114,True,0.4602064353597646,0.4125719808282718,0.0476344545314927,446.2699361426125,460.4222215276764,-14.152285385063976,9.772675095936004e-05,1.5331962064641451,interaction_with_mean_vpd__p90_precipitation,p90_precipitation,precipitation,interaction,mean_vpd,aridity;mean_annual_temperature;soil_texture_pc1;growing_season_mean_lai;mean_soil_moisture;lat;lon,precipitation:omitted_same_family_as_focal_or_moderator;baseline_vpd:omitted_same_family_as_focal_or_moderator,0.0178735290121688,0.1303119549102024,0.5833329152695685,True,FIT_OK,300,0.125615908121666,0.4256158833846094,True,1.0,FIT_OK,159,0.2817961924959667,0.0005513487549282,True,-11.696129437187494,0.0028046871446348,all,FAIL,47,1,0.7021276595744681,True,0.3342571963288414,0.0001465211410393,0.0022954978762829,0,0.0242190368203903,False,clean,FAIL,47,1,0.7446808510638298,True,0.3374871196473096,0.0016292513931324,0.025524938492409,0,0.0943583266220158,False,True,True,False,False,False,False,False,3,3,hydroclimate,PASS,PASS,PASS,gate=FAIL; sign consistency=0.7021276595744681,gate=FAIL; sign consistency=0.7446808510638298,needs independent tower-derived same-feature/uWUE-response test,TIER_3_TWO_NON_TOWER_GATES_SHORT,p90_precipitation × VPD regime interaction,all-product robustness; clean-product robustness; tower,190.12049970102117
FIT_OK,191,0.1743373130706343,0.0513366498984537,0.0008406025305653,0.073042040802641,0.2756325853386275,True,0.3935083162259523,0.3688164946080702,0.024691821617882,466.5222455421423,472.1442190747936,-5.621973532651339,0.0072779440208208,1.230913587464007,linear__env_mean_vpd_quartile_vpd_q3,env_mean_vpd_quartile_vpd_Q3,baseline_vpd,linear,,aridity;mean_annual_temperature;mean_annual_precipitation;soil_texture_pc1;growing_season_mean_lai;mean_soil_moisture;lat;lon,baseline_vpd:omitted_same_family_as_focal_or_moderator,0.0187017561376417,0.1363503760723885,0.6632353966160265,True,FIT_OK,300,0.0811906863129736,0.2676137510518607,True,1.0,FIT_OK,159,0.1976532702823483,0.0003608484310621,True,-6.637574828732113,0.0024834862608396,all,FAIL,47,-1,0.574468085106383,False,0.1685098704670826,0.0416200512481956,0.1956142408665193,7,0.0520949084082158,False,clean,FAIL,47,-1,0.574468085106383,False,0.1671266238692674,0.0622588694952618,0.3657708582846633,6,0.2640114805866315,False,True,True,False,False,False,False,False,3,3,VPD stress,PASS,PASS,PASS,gate=FAIL; GOSIF×GLEAM fail coef=0.16850987046708266 p=0.041620051248195615 q=0.19561424086651938; sign consistency=0.574468085106383; opposite significant products=7,gate=FAIL; GOSIF×GLEAM fail coef=0.16712662386926747 p=0.06225886949526184 q=0.3657708582846633; sign consistency=0.574468085106383; opposite significant products=6,needs independent tower-derived same-feature/uWUE-response test,TIER_3_TWO_NON_TOWER_GATES_SHORT,linear env_mean_vpd_quartile_vpd_Q3,all-product robustness; clean-product robustness; tower,190.19647308277519
FIT_OK,191,0.2966686812143987,0.0875299762982193,0.0008608610286087,0.1239518340400305,0.469385528388767,True,0.45451460525868,0.4066220704131991,0.0478925348454809,448.2733832887095,462.3470805761165,-14.073697287407017,0.0001016255751311,1.8377040742873856,interaction_with_mean_vpd__mean_annual_precipitation,mean_annual_precipitation,precipitation,interaction,mean_vpd,aridity;mean_annual_temperature;soil_texture_pc1;growing_season_mean_lai;mean_soil_moisture;lat;lon,precipitation:omitted_same_family_as_focal_or_moderator;baseline_vpd:omitted_same_family_as_focal_or_moderator,0.0187017561376417,0.1363503760723885,0.6783584905436525,True,FIT_OK,300,0.1319915417297339,0.4643477920245049,True,1.0,FIT_OK,159,0.2897361516776339,0.0010812665994166,True,-11.313669521566284,0.003514116448104,all,FAIL,47,1,0.6595744680851063,True,0.3638544222483281,0.0003135079491152,0.0049116245361387,0,0.0728969029049373,False,clean,FAIL,47,1,0.6808510638297872,True,0.3639120446282092,0.0014657888527939,0.0229640253604388,0,-0.0130087400743185,False,True,True,False,False,False,False,False,3,3,hydroclimate,PASS,PASS,PASS,gate=FAIL; sign consistency=0.6595744680851063,gate=FAIL; sign consistency=0.6808510638297872,needs independent tower-derived same-feature/uWUE-response test,TIER_3_TWO_NON_TOWER_GATES_SHORT,mean_annual_precipitation × VPD regime interaction,all-product robustness; clean-product robustness; tower,190.20681543734017
FIT_OK,191,0.2989541420572816,0.0883688112807372,0.0008796633807519,0.1245820798399384,0.4733262042746248,True,0.4545161048456499,0.406181405028643,0.048334699817007,448.27285821231385,462.48887191491264,-14.216013702598786,9.467590169752326e-05,1.8490562554762813,interaction_with_mean_vpd__mean_precipitation,mean_precipitation,precipitation,interaction,mean_vpd,aridity;mean_annual_temperature;soil_texture_pc1;growing_season_mean_lai;mean_soil_moisture;lat;lon,precipitation:omitted_same_family_as_focal_or_moderator;baseline_vpd:omitted_same_family_as_focal_or_moderator,0.0187017561376417,0.1363503760723885,0.6914154172710694,True,FIT_OK,300,0.1171470842065834,0.4636762038656861,True,1.0,FIT_OK,159,0.2931013861677162,0.001023797038585,True,-11.526348400861709,0.003514116448104,all,FAIL,47,1,0.6595744680851063,True,0.3659053479401017,0.0003231309744278,0.0050623852660356,0,0.0800307281069829,False,clean,FAIL,47,1,0.6808510638297872,True,0.3670211059590669,0.0014371429813485,0.0225152400411277,0,-0.0016185989954221,False,True,True,False,False,False,False,False,3,3,hydroclimate,PASS,PASS,PASS,gate=FAIL; sign consistency=0.6595744680851063,gate=FAIL; sign consistency=0.6808510638297872,needs independent tower-derived same-feature/uWUE-response test,TIER_3_TWO_NON_TOWER_GATES_SHORT,mean_precipitation × VPD regime interaction,all-product robustness; clean-product robustness; tower,190.21619890292556
FIT_OK,198,0.201721193779607,0.0604772624532153,0.0010259407209973,0.0824199544007966,0.3210224331584173,True,0.4176579035798679,0.3862647559081946,0.0313931476716732,474.8416116882596,483.2377139587271,-8.396102270467509,0.0017029920478172,1.2961885964874662,high_tail_q75__soil_sand,soil_sand,soil_texture,high_tail,,aridity;mean_annual_temperature;mean_annual_precipitation;growing_season_mean_lai;mean_vpd;mean_soil_moisture;lat;lon,soil_texture:omitted_same_family_as_focal_or_moderator,0.0187017561376417,0.1363503760723885,0.8022856438199,True,FIT_OK,300,0.0894906842818476,0.30737994079631,True,1.0,FIT_OK,164,0.2054496318090717,0.0015364132010516,True,-7.912415567411983,0.003849017173044,all,FAIL,47,1,0.723404255319149,False,0.1479408454884924,0.1452497740182377,0.398486632385358,0,0.0242789849313319,False,clean,FAIL,47,1,0.723404255319149,False,0.1828222038233834,0.0830246600983581,0.3141290428958571,0,0.1393793579391276,False,True,True,False,False,False,False,False,3,3,soil texture,PASS,PASS,PASS,gate=FAIL; GOSIF×GLEAM fail coef=0.14794084548849246 p=0.1452497740182377 q=0.398486632385358; sign consistency=0.723404255319149,gate=FAIL; GOSIF×GLEAM fail coef=0.1828222038233834 p=0.0830246600983581 q=0.3141290428958571; sign consistency=0.723404255319149,needs independent tower-derived same-feature/uWUE-response test,TIER_3_TWO_NON_TOWER_GATES_SHORT,high-threshold / upper-tail soil texture,all-product robustness; clean-product robustness; tower,190.2830046575987
FIT_OK,191,0.2939282168202627,0.088218800015548,0.0010471036176435,0.1198521614551988,0.4680042721853265,True,0.4587272566400743,0.4033375164673195,0.0553897401727547,446.792611411793,463.4014168654759,-16.608805453682862,2.8899863591619825e-05,1.5597436704647178,interaction_with_mean_annual_precipitation__p90_vpd,p90_vpd,baseline_vpd,interaction,mean_annual_precipitation,aridity;mean_annual_temperature;soil_texture_pc1;growing_season_mean_lai;mean_soil_moisture;lat;lon,precipitation:omitted_same_family_as_focal_or_moderator;baseline_vpd:omitted_same_family_as_focal_or_moderator,0.0187017561376417,0.1363503760723885,0.8167408217619413,True,FIT_OK,300,0.1355185449651338,0.4514217396935256,True,1.0,FIT_OK,159,0.3054301919287976,9.306694348483403e-05,True,-16.113182283988408,0.0019318987838968,all,FAIL,47,1,0.6382978723404256,True,0.3394359417931037,0.0001537209726076,0.002408295237519,0,-0.0091720609740587,False,clean,FAIL,47,1,0.6595744680851063,True,0.3380028597036716,0.0005876216128757,0.0276182158051594,0,-0.070618874689158,False,True,True,False,False,False,False,False,3,3,VPD stress,PASS,PASS,PASS,gate=FAIL; sign consistency=0.6382978723404256,gate=FAIL; sign consistency=0.6595744680851063,needs independent tower-derived same-feature/uWUE-response test,TIER_3_TWO_NON_TOWER_GATES_SHORT,high-tail VPD regime × mean_annual_precipitation interaction,all-product robustness; clean-product robustness; tower,190.29187204973576
FIT_OK,191,-0.2260127799958272,0.0680880565124388,0.0010907464089997,-0.3603612081902768,-0.0916643518013776,True,0.4065563907903268,0.3665896562229869,0.0399667345673399,462.3682207519077,472.8168881241487,-10.44866737224106,0.0006036984278961,1.2781073378755703,linear__soil_texture_fine_index,soil_texture_fine_index,soil_texture,linear,,aridity;mean_annual_temperature;mean_annual_precipitation;growing_season_mean_lai;mean_vpd;mean_soil_moisture;lat;lon,soil_texture:omitted_same_family_as_focal_or_moderator,0.0187017561376417,0.1363503760723885,0.8464192133838133,True,FIT_OK,300,-0.3590414408990508,-0.0832248520419254,True,1.0,FIT_OK,159,-0.2336373429349752,0.0014261461072876,True,-10.25921709763844,0.003849017173044,all,FAIL,47,-1,0.7446808510638298,False,-0.216495640559367,0.031071818811878,0.2526937725769383,0,-0.0261973244814618,False,clean,FAIL,47,-1,0.8297872340425532,False,-0.2182554791555033,0.0495458548593572,0.3326650254842561,0,-0.0844069402057168,False,True,True,False,False,False,False,False,3,3,soil texture,PASS,PASS,PASS,gate=FAIL; GOSIF×GLEAM fail coef=-0.21649564055936704 p=0.031071818811878028 q=0.2526937725769383; sign consistency=0.7446808510638298,gate=FAIL; GOSIF×GLEAM fail coef=-0.21825547915550336 p=0.049545854859357294 q=0.33266502548425614,needs independent tower-derived same-feature/uWUE-response test,TIER_3_TWO_NON_TOWER_GATES_SHORT,linear soil_texture_fine_index,all-product robustness; clean-product robustness; tower,190.30960618155473
FIT_OK,191,0.216450686378688,0.0665267172919969,0.0013597441758713,0.0851830256622527,0.3477183470951234,True,0.4254906714354997,0.3955408731257962,0.0299497983097034,456.174881358225,463.8810655222234,-7.706184163998444,0.0024564639792644,1.5643143619643574,high_tail_q75__n_soil_moisture,n_soil_moisture,baseline_soil_moisture,high_tail,,aridity;mean_annual_temperature;mean_annual_precipitation;soil_texture_pc1;growing_season_mean_lai;mean_vpd;lat;lon,baseline_soil_moisture:omitted_same_family_as_focal_or_moderator,0.0213043313358467,0.1553251773915908,1.0,True,FIT_OK,300,0.0755616996536416,0.3285024976571736,True,1.0,FIT_OK,159,0.2056973950960078,0.0030537284102126,True,-5.887994242830246,0.0056712099046806,all,FAIL,47,1,0.5531914893617021,True,0.2869427252102255,0.0002827488788158,0.0033222993260868,3,-0.0318324469099685,False,clean,FAIL,47,-1,0.574468085106383,False,0.2692357783298934,0.0008427011050402,0.0081770135200496,8,0.0118697259664289,False,True,True,False,False,False,False,False,3,3,soil moisture,PASS,PASS,PASS,gate=FAIL; sign consistency=0.5531914893617021; opposite significant products=3,gate=FAIL; GOSIF×GLEAM fail coef=0.2692357783298934 p=0.0008427011050402372 q=0.008177013520049665; sign consistency=0.574468085106383; opposite significant products=8,needs independent tower-derived same-feature/uWUE-response test,TIER_3_TWO_NON_TOWER_GATES_SHORT,high-threshold / upper-tail n_soil_moisture,all-product robustness; clean-product robustness; tower,190.46192511515105
FIT_OK,191,-0.2164506863786877,0.0665267172919969,0.0013597441758713,-0.347718347095123,-0.0851830256622524,True,0.4254906714354997,0.3955408731257962,0.0299497983097034,456.174881358225,463.8810655222234,-7.706184163998444,0.0024564639792644,1.5643143619643571,low_tail_q10__n_soil_moisture,n_soil_moisture,baseline_soil_moisture,low_tail,,aridity;mean_annual_temperature;mean_annual_precipitation;soil_texture_pc1;growing_season_mean_lai;mean_vpd;lat;lon,baseline_soil_moisture:omitted_same_family_as_focal_or_moderator,0.0213043313358467,0.1553251773915908,1.0,True,FIT_OK,300,-0.3193327142243533,-0.0968971784890103,True,1.0,FIT_OK,159,-0.2056973950960078,0.0030537284102126,True,-5.887994242830246,0.0056712099046806,all,FAIL,47,-1,0.5531914893617021,True,-0.2869427252102254,0.0002827488788158,0.0033222993260868,3,-0.0318324469099685,False,clean,FAIL,47,1,0.574468085106383,False,-0.2692357783298934,0.0008427011050402,0.0081770135200496,8,0.0118697259664289,False,True,True,False,False,False,False,False,3,3,soil moisture,PASS,PASS,PASS,gate=FAIL; sign consistency=0.5531914893617021; opposite significant products=3,gate=FAIL; GOSIF×GLEAM fail coef=-0.2692357783298934 p=0.0008427011050402372 q=0.008177013520049665; sign consistency=0.574468085106383; opposite significant products=8,needs independent tower-derived same-feature/uWUE-response test,TIER_3_TWO_NON_TOWER_GATES_SHORT,low-threshold / sparse-tail n_soil_moisture,all-product robustness; clean-product robustness; tower,190.46192511515105
FIT_OK,191,-0.2620855455656816,0.0806194677127386,0.0013719678746049,-0.4211604160181948,-0.1030106751131683,True,0.423976593999704,0.3688164946080702,0.0551600993916338,456.6775857985046,472.1442190747936,-15.46663327628903,4.847495076600829e-05,1.2452630425259763,linear__median_vpd_sm_interaction_all,median_vpd_sm_interaction_all,baseline_vpd,linear,,aridity;mean_annual_temperature;mean_annual_precipitation;soil_texture_pc1;growing_season_mean_lai;mean_soil_moisture;lat;lon,baseline_vpd:omitted_same_family_as_focal_or_moderator,0.0213043313358467,0.1553251773915908,1.0,True,FIT_OK,300,-0.4269264995702385,-0.1235365358320982,True,1.0,FIT_OK,159,-0.2669372582053248,0.0010466064590822,True,-14.505351486613904,0.003514116448104,all,FAIL,47,1,0.5106382978723404,False,-0.3593665069724764,1.487186267928948e-07,6.989775459266056e-06,3,-0.2135351711738377,False,clean,FAIL,47,-1,0.5106382978723404,True,-0.4097741651106134,2.7364950889421124e-11,1.286152691802793e-09,1,-0.4451147237410851,False,True,True,False,False,False,False,False,3,3,VPD stress,PASS,PASS,PASS,gate=FAIL; GOSIF×GLEAM fail coef=-0.3593665069724764 p=1.487186267928948e-07 q=6.989775459266056e-06; sign consistency=0.5106382978723404; opposite significant products=3,gate=FAIL; sign consistency=0.5106382978723404; opposite significant products=1,needs independent tower-derived same-feature/uWUE-response test,TIER_3_TWO_NON_TOWER_GATES_SHORT,linear median_vpd_sm_interaction_all,all-product robustness; clean-product robustness; tower,190.46581185009472
FIT_OK,198,0.1986527059793371,0.0620720032365109,0.0016114129322154,0.0762055809533006,0.3210998310053735,True,0.4162376908663017,0.3862647559081946,0.029972934958107,475.3239051346844,483.2377139587271,-7.913808824042746,0.0021838480915895,1.3166177302313162,low_tail_q25__soil_texture_fine_index,soil_texture_fine_index,soil_texture,low_tail,,aridity;mean_annual_temperature;mean_annual_precipitation;growing_season_mean_lai;mean_vpd;mean_soil_moisture;lat;lon,soil_texture:omitted_same_family_as_focal_or_moderator,0.0234351039517629,0.1708601702214971,1.0,True,FIT_OK,300,0.0905593296209381,0.3321351469278567,True,1.0,FIT_OK,164,0.2031236197080549,0.0023945366401953,True,-7.512936260100048,0.0047626574694521,all,FAIL,47,1,0.723404255319149,False,0.1436156112615407,0.1670809583952293,0.4221550560912963,0,0.0287151451410073,False,clean,FAIL,47,1,0.723404255319149,False,0.1766000339807008,0.1034294036084035,0.3141290428958571,0,0.1542464894526345,False,True,True,False,False,False,False,False,3,3,soil texture,PASS,PASS,PASS,gate=FAIL; GOSIF×GLEAM fail coef=0.14361561126154077 p=0.1670809583952293 q=0.4221550560912963; sign consistency=0.723404255319149,gate=FAIL; GOSIF×GLEAM fail coef=0.17660003398070082 p=0.10342940360840353 q=0.3141290428958571; sign consistency=0.723404255319149,needs independent tower-derived same-feature/uWUE-response test,TIER_3_TWO_NON_TOWER_GATES_SHORT,low-threshold / sparse-tail soil_texture_fine_index,all-product robustness; clean-product robustness; tower,190.5770737289771
FIT_OK,191,0.2648082375115924,0.0831862712098988,0.0017156595666036,0.1006625231038308,0.428953951919354,True,0.4271942264801571,0.3802731275682481,0.0469210989119089,457.6076801559426,470.6455222532453,-13.0378420973027,0.0001703533004911,1.4944961708089606,interaction_with_mean_annual_precipitation__sd_vpd,sd_vpd,baseline_vpd,interaction,mean_annual_precipitation,aridity;mean_annual_temperature;soil_texture_pc1;growing_season_mean_lai;mean_soil_moisture;lat;lon,precipitation:omitted_same_family_as_focal_or_moderator;baseline_vpd:omitted_same_family_as_focal_or_moderator,0.024344617643358,0.1774912337953815,1.0,True,FIT_OK,300,0.1184984212080225,0.4299911524601928,True,1.0,FIT_OK,159,0.2527939487914612,0.0004195312567337,True,-11.565698827946107,0.0026418254839028,all,FAIL,47,1,0.6382978723404256,True,0.3062275247085423,0.0003109811200334,0.0146161126415716,0,-0.0385466353354232,False,clean,FAIL,47,1,0.5957446808510638,True,0.2964902401996877,0.0012856607470644,0.0604260551120281,0,-0.1300874007431858,False,True,True,False,False,False,False,False,3,3,VPD stress,PASS,PASS,PASS,gate=FAIL; sign consistency=0.6382978723404256,gate=FAIL; sign consistency=0.5957446808510638,needs independent tower-derived same-feature/uWUE-response test,TIER_3_TWO_NON_TOWER_GATES_SHORT,sd_vpd × mean_annual_precipitation interaction,all-product robustness; clean-product robustness; tower,190.6208340741606
FIT_OK,191,-0.2745416557349451,0.0867840024196432,0.0018301263820965,-0.4457865242589008,-0.1032967872109895,True,0.4344286626557477,0.4066220704131991,0.0278065922425486,455.1800208178298,462.3470805761165,-7.167059758286655,0.0033336081351053,2.710620563506219,hinge_high_q90__mat,mat,temperature,hinge_high,,aridity;mean_annual_precipitation;soil_texture_pc1;growing_season_mean_lai;mean_vpd;mean_soil_moisture;lat;lon,temperature:omitted_same_family_as_focal_or_moderator,0.0247709276111599,0.1805993656737666,1.0,True,FIT_OK,300,-0.4201230120183852,-0.0831160511868168,True,1.0,FIT_OK,159,-0.290870194587744,0.0018042674652858,True,-6.670293355759895,0.003991557505326,all,FAIL,20,-1,0.7,True,-0.3647782254344936,0.000163420084183,0.001089467227887,2,-0.3342411243308867,False,clean,FAIL,20,-1,0.7,True,-0.3824833129794979,0.000572526846642,0.00381684564428,2,-0.324288535020786,False,True,True,False,False,False,False,False,3,3,other ecological,PASS,PASS,PASS,gate=FAIL; sign consistency=0.7; opposite significant products=2,gate=FAIL; sign consistency=0.7; opposite significant products=2,needs independent tower-derived same-feature/uWUE-response test,TIER_3_TWO_NON_TOWER_GATES_SHORT,high-threshold / upper-tail temperature regime,all-product robustness; clean-product robustness; tower,190.6564233517821
FIT_OK,191,-0.2575568943019427,0.0837132331924856,0.002418486665087,-0.4227362498976076,-0.0923775387062778,True,0.4211892525817196,0.3688164946080702,0.0523727579736493,457.59959393807856,472.1442190747936,-14.54462513671507,7.680013864269864e-05,1.2666041730290036,linear__median_vpd_sm_interaction,median_vpd_sm_interaction,baseline_vpd,linear,,aridity;mean_annual_temperature;mean_annual_precipitation;soil_texture_pc1;growing_season_mean_lai;mean_soil_moisture;lat;lon,baseline_vpd:omitted_same_family_as_focal_or_moderator,0.0299118631130943,0.2180807916903205,1.0,True,FIT_OK,300,-0.4121075470405038,-0.0736418827320868,True,1.0,FIT_OK,159,-0.2535074498591383,0.0025706486931826,True,-12.435095043862248,0.0050127649517061,all,FAIL,47,-1,0.574468085106383,True,-0.377771472847463,3.1333879419529396e-08,1.4726923327178814e-06,1,-0.0604876439400343,False,clean,FAIL,47,-1,0.5531914893617021,True,-0.4182119508891039,2.329354834142277e-09,1.0947967720468705e-07,1,-0.3112505920085809,False,True,True,False,False,False,False,False,3,3,VPD stress,PASS,PASS,PASS,gate=FAIL; sign consistency=0.574468085106383; opposite significant products=1,gate=FAIL; sign consistency=0.5531914893617021; opposite significant products=1,needs independent tower-derived same-feature/uWUE-response test,TIER_3_TWO_NON_TOWER_GATES_SHORT,linear median_vpd_sm_interaction,all-product robustness; clean-product robustness; tower,190.85938716181386
FIT_OK,191,0.1903305684260063,0.0620928489038538,0.0025077989730297,0.0678116263436423,0.3128495105083702,True,0.4293288608400014,0.4066220697437839,0.0227067910962175,454.8945645139428,460.3470807915918,-5.452516277649011,0.0079579477697202,1.5953696461936775,high_tail_q75__n_temperature,n_temperature,temperature,high_tail,,aridity;mean_annual_precipitation;soil_texture_pc1;growing_season_mean_lai;mean_vpd;mean_soil_moisture;lat;lon,temperature:omitted_same_family_as_focal_or_moderator,0.0299118631130943,0.2180807916903205,1.0,True,FIT_OK,300,0.0642500462882523,0.2950256184599938,True,1.0,FIT_OK,159,0.1682390515466356,0.0101218424663889,True,-3.1520570904053216,0.0124658480901842,all,FAIL,47,1,0.723404255319149,True,0.2642844539473729,0.0009442651426437,0.0088760923408513,3,-0.0172051078402278,False,clean,FAIL,47,1,0.5531914893617021,True,0.2388271668353537,0.0044067985248959,0.0345199217783519,3,0.0134283768509095,False,True,True,False,False,False,False,False,3,3,temperature gradient,PASS,PASS,PASS,gate=FAIL; sign consistency=0.723404255319149; opposite significant products=3,gate=FAIL; sign consistency=0.5531914893617021; opposite significant products=3,needs independent tower-derived same-feature/uWUE-response test,TIER_3_TWO_NON_TOWER_GATES_SHORT,high-threshold / upper-tail n_temperature,all-product robustness; clean-product robustness; tower,190.87513618486653
FIT_OK,191,-0.1903305684260063,0.0620928489038539,0.0025077989730297,-0.3128495105083704,-0.0678116263436423,True,0.4293288608400014,0.4066220697437839,0.0227067910962175,454.8945645139428,460.3470807915918,-5.452516277649011,0.0079579477697202,1.5953696461936775,low_tail_q10__n_temperature,n_temperature,temperature,low_tail,,aridity;mean_annual_precipitation;soil_texture_pc1;growing_season_mean_lai;mean_vpd;mean_soil_moisture;lat;lon,temperature:omitted_same_family_as_focal_or_moderator,0.0299118631130943,0.2180807916903205,1.0,True,FIT_OK,300,-0.3027491881516402,-0.0652617254714718,True,1.0,FIT_OK,159,-0.1682390515466356,0.0101218424663889,True,-3.1520570904053216,0.0124658480901842,all,FAIL,47,-1,0.723404255319149,True,-0.2642844539473731,0.0009442651426437,0.0088760923408513,3,-0.0172051078402278,False,clean,FAIL,47,-1,0.5531914893617021,True,-0.2388271668353537,0.0044067985248959,0.0345199217783519,3,0.0134283768509095,False,True,True,False,False,False,False,False,3,3,temperature gradient,PASS,PASS,PASS,gate=FAIL; sign consistency=0.723404255319149; opposite significant products=3,gate=FAIL; sign consistency=0.5531914893617021; opposite significant products=3,needs independent tower-derived same-feature/uWUE-response test,TIER_3_TWO_NON_TOWER_GATES_SHORT,low-threshold / sparse-tail n_temperature,all-product robustness; clean-product robustness; tower,190.87513618486653
FIT_OK,191,0.2224054256430686,0.0730044341811581,0.0026617036866893,0.0783562122296716,0.3664546390564657,True,0.4190646271609376,0.3955408731257962,0.0235237540351413,458.2994090135654,463.8810655222234,-5.581656508658,0.0074341472240499,2.102732977125216,linear__sd_soil_moisture,sd_soil_moisture,baseline_soil_moisture,linear,,aridity;mean_annual_temperature;mean_annual_precipitation;soil_texture_pc1;growing_season_mean_lai;mean_vpd;lat;lon,baseline_soil_moisture:omitted_same_family_as_focal_or_moderator,0.0308532694950052,0.2249443778298141,1.0,True,FIT_OK,300,0.0730534624312828,0.3586204146470056,True,1.0,FIT_OK,159,0.2397392851335793,0.0129969576016642,True,-4.42578872390925,0.0147635343630554,all,FAIL,47,1,0.6382978723404256,True,0.372906223686159,8.264004334765847e-06,0.0003884082037339,2,-0.0250583103735722,False,clean,FAIL,47,1,0.6170212765957447,True,0.3841614932547338,0.000385453982768,0.0181163371901001,0,-0.239672547544358,False,True,True,False,False,False,False,False,3,3,soil moisture,PASS,PASS,PASS,gate=FAIL; sign consistency=0.6382978723404256; opposite significant products=2,gate=FAIL; sign consistency=0.6170212765957447,needs independent tower-derived same-feature/uWUE-response test,TIER_3_TWO_NON_TOWER_GATES_SHORT,linear sd_soil_moisture,all-product robustness; clean-product robustness; tower,190.9144608987641
FIT_OK,191,0.1927369502982006,0.0639839109850813,0.0029642477459642,0.0664866457531024,0.3189872548432987,True,0.4246484348470768,0.4020797706848831,0.0225686641621937,456.45468427705913,461.8036151069708,-5.348930829911637,0.0084052881439922,1.6459783238956205,high_tail_q75__n_precipitation,n_precipitation,precipitation,high_tail,,aridity;mean_annual_temperature;soil_texture_pc1;growing_season_mean_lai;mean_vpd;mean_soil_moisture;lat;lon,precipitation:omitted_same_family_as_focal_or_moderator,0.0323970024803073,0.2361993942866715,1.0,True,FIT_OK,300,0.0753759384256395,0.324652338411582,True,1.0,FIT_OK,159,0.1970000247123005,0.0047689726026612,True,-4.827149868387664,0.00785872950016,all,FAIL,47,1,0.6382978723404256,True,0.2757448105927954,0.0007538821735195,0.0080545440858344,3,-0.0026377168814286,False,clean,FAIL,47,1,0.5106382978723404,True,0.2615930277884944,0.0023303433587743,0.0219052275724786,3,-0.005994811094156,False,True,True,False,False,False,False,False,3,3,hydroclimate,PASS,PASS,PASS,gate=FAIL; sign consistency=0.6382978723404256; opposite significant products=3,gate=FAIL; sign consistency=0.5106382978723404; opposite significant products=3,needs independent tower-derived same-feature/uWUE-response test,TIER_3_TWO_NON_TOWER_GATES_SHORT,high-threshold / upper-tail n_precipitation,all-product robustness; clean-product robustness; tower,190.98241932744037
FIT_OK,191,-0.1927369502982002,0.0639839109850813,0.0029642477459642,-0.3189872548432982,-0.0664866457531022,True,0.4246484348470769,0.4020797706848831,0.0225686641621938,456.4546842770592,461.8036151069708,-5.3489308299115805,0.0084052881439921,1.6459783238956205,low_tail_q10__n_precipitation,n_precipitation,precipitation,low_tail,,aridity;mean_annual_temperature;soil_texture_pc1;growing_season_mean_lai;mean_vpd;mean_soil_moisture;lat;lon,precipitation:omitted_same_family_as_focal_or_moderator,0.0323970024803073,0.2361993942866715,1.0,True,FIT_OK,300,-0.3212099306366528,-0.0663136305331808,True,1.0,FIT_OK,159,-0.1970000247123005,0.0047689726026612,True,-4.827149868387664,0.00785872950016,all,FAIL,47,-1,0.6382978723404256,True,-0.2757448105927951,0.0007538821735195,0.0080545440858345,3,-0.0026377168814286,False,clean,FAIL,47,-1,0.5106382978723404,True,-0.2615930277884944,0.0023303433587743,0.0219052275724786,3,-0.005994811094156,False,True,True,False,False,False,False,False,3,3,hydroclimate,PASS,PASS,PASS,gate=FAIL; sign consistency=0.6382978723404256; opposite significant products=3,gate=FAIL; sign consistency=0.5106382978723404; opposite significant products=3,needs independent tower-derived same-feature/uWUE-response test,TIER_3_TWO_NON_TOWER_GATES_SHORT,low-threshold / sparse-tail n_precipitation,all-product robustness; clean-product robustness; tower,190.98241932744037
FIT_OK,191,-0.4523049274518844,0.1537533548246049,0.0036928664185654,-0.7556957863424509,-0.1489140685613178,True,0.4240575574925794,0.4066220704131991,0.0174354870793803,458.6507377332001,462.3470805761165,-3.696342842916408,0.0206815807853716,11.733526368712464,hinge_high_q75__mean_vpd,mean_vpd,baseline_vpd,hinge_high,,aridity;mean_annual_temperature;mean_annual_precipitation;soil_texture_pc1;growing_season_mean_lai;mean_soil_moisture;lat;lon,baseline_vpd:omitted_same_family_as_focal_or_moderator,0.0384712539554351,0.2804854210585065,1.0,True,FIT_OK,300,-0.7570938454531233,-0.1430593274537735,True,1.0,FIT_OK,159,-0.5482436534896667,0.0061127608992527,True,-3.8782698369590776,0.0089399128151571,all,FAIL,47,-1,0.723404255319149,False,-0.5184657862216686,0.0193395408032701,0.3511909631024692,3,0.15868264966231,False,clean,FAIL,47,-1,0.6382978723404256,False,-0.6165992160086271,0.0546051693873792,0.7002404386808445,0,0.2246255716980264,False,True,True,False,False,False,False,False,3,3,VPD stress,PASS,PASS,PASS,gate=FAIL; GOSIF×GLEAM fail coef=-0.5184657862216686 p=0.019339540803270137 q=0.3511909631024692; sign consistency=0.723404255319149; opposite significant products=3,gate=FAIL; GOSIF×GLEAM fail coef=-0.6165992160086271 p=0.05460516938737929 q=0.7002404386808445; sign consistency=0.6382978723404256,needs independent tower-derived same-feature/uWUE-response test,TIER_3_TWO_NON_TOWER_GATES_SHORT,high-threshold / upper-tail VPD regime,all-product robustness; clean-product robustness; tower,191.15249994046982
FIT_OK,191,0.962190818238598,0.3357796714960668,0.0046616193537608,0.2995949679019043,1.624786668575292,True,0.4557903293845137,0.4321424831854009,0.0236478461991127,449.82616933482353,455.95053388429466,-6.1243645494711245,0.0058602822432344,39.149915087716394,interaction_with_mean_annual_temperature__n_lai,n_lai,canopy_structure,interaction,mean_annual_temperature,aridity;mean_annual_precipitation;soil_texture_pc1;growing_season_mean_lai;mean_vpd;mean_soil_moisture;lat;lon,temperature:omitted_same_family_as_focal_or_moderator,0.0456727705731571,0.3329900891704808,1.0,True,FIT_OK,300,0.3172776174396459,1.580550375679208,True,1.0,FIT_OK,159,0.9693926817376056,0.0143751246680837,True,-5.065585602299791,0.0160179960587219,all,FAIL,47,1,0.5106382978723404,False,0.843514574821601,0.0596006866966216,0.461834892645668,1,-0.0919004540734119,False,clean,FAIL,47,1,0.5957446808510638,False,0.6200953953031733,0.2224509810497895,0.8357251747247114,0,0.0788917139990933,False,True,True,False,False,False,False,False,3,3,canopy structure/productivity,PASS,PASS,PASS,gate=FAIL; GOSIF×GLEAM fail coef=0.843514574821601 p=0.05960068669662168 q=0.461834892645668; sign consistency=0.5106382978723404; opposite significant products=1,gate=FAIL; GOSIF×GLEAM fail coef=0.6200953953031733 p=0.22245098104978953 q=0.8357251747247114; sign consistency=0.5957446808510638,needs independent tower-derived same-feature/uWUE-response test,TIER_3_TWO_NON_TOWER_GATES_SHORT,n_lai × temperature regime interaction,all-product robustness; clean-product robustness; tower,191.32819416546445
FIT_OK,191,0.2481037457253204,0.0970728139421208,0.0114145287786195,0.0565638392932189,0.4396436521574219,True,0.4196051385042594,0.4020797706848831,0.0175253678193763,458.1216169076223,461.8036151069708,-3.6819981993484703,0.020489565700799,3.5123638646189845,low_tail_q25__p10_precipitation,p10_precipitation,precipitation,low_tail,,aridity;mean_annual_temperature;soil_texture_pc1;growing_season_mean_lai;mean_vpd;mean_soil_moisture;lat;lon,precipitation:omitted_same_family_as_focal_or_moderator,0.0831341343787951,0.6061126240538496,1.0,False,FIT_OK,300,0.0618966340928849,0.4137664665126656,True,1.0,FIT_OK,159,0.3221413393255392,0.0011549843482914,True,-5.8539723318473875,0.0036522478040566,all,FAIL,47,1,0.6808510638297872,True,0.3978857601931233,0.0003586608588366,0.0168570603653232,0,-0.1993874169916294,False,clean,PASS,47,1,0.7872340425531915,True,0.4693345751613652,0.0003092243509858,0.0145335444963347,0,-0.1930928653427656,False,True,True,False,True,False,False,False,3,3,hydroclimate,BH q=0.08313413437879515,PASS,PASS,gate=FAIL; sign consistency=0.6808510638297872,PASS,needs independent tower-derived same-feature/uWUE-response test,TIER_3_TWO_NON_TOWER_GATES_SHORT,low-threshold / sparse-tail p10_precipitation,primary/FDR; all-product robustness; tower,191.97723736651417
FIT_OK,191,0.1991020584968102,0.0716690513229212,0.0060479963465719,0.0576824773661255,0.340521639627495,True,0.4364126653494155,0.4076741070065099,0.0287385583429055,454.5088221389236,462.008144261288,-7.49932212236439,0.0028090687812496,1.379388249913846,quadratic__sd_temperature,sd_temperature,temperature,quadratic,,aridity;mean_annual_precipitation;soil_texture_pc1;growing_season_mean_lai;mean_vpd;mean_soil_moisture;lat;lon,temperature:omitted_same_family_as_focal_or_moderator,0.0585588352144553,0.4269395422059471,1.0,False,FIT_OK,300,0.0829278091051912,0.306095363569677,True,1.0,FIT_OK,159,0.2079830094012504,0.0147673748732315,True,-6.052086510559661,0.0162998383034725,all,FAIL,47,1,0.6170212765957447,False,0.1941864404544118,0.0197887945928443,0.1194484693573013,0,0.0118097778554873,False,clean,FAIL,47,1,0.574468085106383,True,0.2487307530306927,0.0167233771120442,0.0982498405332598,2,-0.0618664504916902,False,True,True,False,False,False,False,False,2,2,temperature gradient,BH q=0.05855883521445533,PASS,PASS,gate=FAIL; GOSIF×GLEAM fail coef=0.19418644045441186 p=0.019788794592844324 q=0.11944846935730138; sign consistency=0.6170212765957447,gate=FAIL; sign consistency=0.574468085106383; opposite significant products=2,needs independent tower-derived same-feature/uWUE-response test,TIER_5_NEAR_DISCOVERY_ONLY,nonlinear/quadratic sd_temperature,primary/FDR; all-product robustness; clean-product robustness; tower,131.54920394979376
FIT_OK,191,-0.2598568798603761,0.093740973413249,0.0061525988713205,-0.4448225416895829,-0.0748912180311693,True,0.407986619765855,0.3688164946080702,0.0391701251577848,461.907345546309,472.1442190747936,-10.236873528484637,0.0006722725951066,1.7239055974103776,linear__env_hydroclimatic_regime_sahel_high_vpd,env_hydroclimatic_regime_sahel_high_vpd,baseline_vpd,linear,,aridity;mean_annual_temperature;mean_annual_precipitation;soil_texture_pc1;growing_season_mean_lai;mean_soil_moisture;lat;lon,baseline_vpd:omitted_same_family_as_focal_or_moderator,0.0586062236574047,0.4272850408837225,1.0,False,FIT_OK,300,-0.4288566321730176,-0.0800418944049718,True,1.0,FIT_OK,159,-0.2838880046801002,0.0041092359348601,True,-9.598015867573224,0.0073966246827482,all,FAIL,20,1,0.6,False,-0.1417586913505987,0.0670454453542411,0.1489898785649803,5,0.3823453059963742,False,clean,FAIL,20,1,0.5,False,-0.1606029470704428,0.0739298920785617,0.2112282630816049,3,0.2927720022054665,False,True,True,False,False,False,False,False,2,2,VPD stress,BH q=0.05860622365740471,PASS,PASS,gate=FAIL; GOSIF×GLEAM fail coef=-0.1417586913505987 p=0.06704544535424116 q=0.14898987856498036; sign consistency=0.6; opposite significant products=5,gate=FAIL; GOSIF×GLEAM fail coef=-0.16060294707044281 p=0.07392989207856171 q=0.2112282630816049; sign consistency=0.5; opposite significant products=3,needs independent tower-derived same-feature/uWUE-response test,TIER_5_NEAR_DISCOVERY_ONLY,linear env_hydroclimatic_regime_sahel_high_vpd,primary/FDR; all-product robustness; clean-product robustness; tower,131.5570023396201
FIT_OK,191,-0.1763590335880505,0.0636738752139403,0.0061953116138447,-0.3019975888680004,-0.0507204783081006,True,0.4206613540115653,0.3955408731257962,0.0251204808857691,457.7737141931274,463.8810655222234,-6.107351329096048,0.0056403340592304,1.2381334923301983,high_tail_q75__p10_soil_moisture,p10_soil_moisture,baseline_soil_moisture,high_tail,,aridity;mean_annual_temperature;mean_annual_precipitation;soil_texture_pc1;growing_season_mean_lai;mean_vpd;lat;lon,baseline_soil_moisture:omitted_same_family_as_focal_or_moderator,0.0586062236574047,0.4272850408837225,1.0,False,FIT_OK,300,-0.3055094091505425,-0.0467550754450306,True,1.0,FIT_OK,159,-0.1572636357325341,0.0162435242386295,True,-4.020431118625879,0.0175906301632095,all,FAIL,47,1,0.5319148936170213,False,-0.1800771873597897,0.0181784775189076,0.28479614779622,3,-0.0734963840143529,False,clean,FAIL,47,1,0.5106382978723404,False,-0.191745990044844,0.0217982557317437,0.2743596843897992,4,-0.0130087400743185,False,True,True,False,False,False,False,False,2,2,soil moisture,BH q=0.05860622365740471,PASS,PASS,gate=FAIL; GOSIF×GLEAM fail coef=-0.18007718735978973 p=0.01817847751890766 q=0.28479614779622; sign consistency=0.5319148936170213; opposite significant products=3,gate=FAIL; GOSIF×GLEAM fail coef=-0.19174599004484402 p=0.021798255731743738 q=0.27435968438979924; sign consistency=0.5106382978723404; opposite significant products=4,needs independent tower-derived same-feature/uWUE-response test,TIER_5_NEAR_DISCOVERY_ONLY,high-threshold / upper-tail p10_soil_moisture,primary/FDR; all-product robustness; clean-product robustness; tower,131.56000689369327
FIT_OK,191,0.2581421726310184,0.09371473513567,0.0064809972313898,0.0732213686853284,0.4430629765767084,True,0.437336741636071,0.406181405028643,0.031155336607428,454.195395248936,462.48887191491264,-8.293476665976641,0.0018690709917606,2.138875343583187,interaction_with_mean_annual_temperature__mean_precipitation,mean_precipitation,precipitation,interaction,mean_annual_temperature,aridity;soil_texture_pc1;growing_season_mean_lai;mean_vpd;mean_soil_moisture;lat;lon,temperature:omitted_same_family_as_focal_or_moderator;precipitation:omitted_same_family_as_focal_or_moderator,0.0595485622648164,0.4341554236735778,1.0,False,FIT_OK,300,0.1048229442543452,0.4476179639681506,True,1.0,FIT_OK,159,0.2544609384213789,0.0081681915429144,True,-7.779583342530486,0.0115966809891662,all,FAIL,47,1,0.6808510638297872,False,0.225367796955137,0.0076722925694477,0.2965635986860506,0,-0.098974331164516,False,clean,FAIL,47,1,0.7021276595744681,False,0.2562549741068383,0.0110128077177029,0.5176019627320392,0,0.1070673261416266,False,True,True,False,False,False,False,False,2,2,hydroclimate,BH q=0.059548562264816474,PASS,PASS,gate=FAIL; GOSIF×GLEAM fail coef=0.22536779695513706 p=0.007672292569447783 q=0.29656359868605064; sign consistency=0.6808510638297872,gate=FAIL; GOSIF×GLEAM fail coef=0.2562549741068383 p=0.01101280771770296 q=0.5176019627320392; sign consistency=0.7021276595744681,needs independent tower-derived same-feature/uWUE-response test,TIER_5_NEAR_DISCOVERY_ONLY,mean_precipitation × temperature regime interaction,primary/FDR; all-product robustness; clean-product robustness; tower,131.58651311630547
FIT_OK,191,-0.4828499637746587,0.1758693226836096,0.006654911566747,-0.829880732126673,-0.1358191954226444,True,0.4161661625223715,0.391912614932884,0.0242535475894875,461.24999713656496,467.02411344049307,-5.7741163039281105,0.0068719438386793,9.61278289936614,quadratic__median_vpd,median_vpd,baseline_vpd,quadratic,,aridity;mean_annual_temperature;mean_annual_precipitation;soil_texture_pc1;growing_season_mean_lai;mean_soil_moisture;lat;lon,baseline_vpd:omitted_same_family_as_focal_or_moderator,0.0595485622648164,0.4341554236735778,1.0,False,FIT_OK,300,-0.817686353043234,-0.1099795345084884,True,1.0,FIT_OK,159,-0.5864880589615697,0.0060355684590361,True,-7.105125828265784,0.0089399128151571,all,FAIL,47,-1,0.5531914893617021,False,-0.5979413081804107,0.0036976783042178,0.1737908802982393,3,0.1215747689894842,False,clean,FAIL,47,-1,0.5531914893617021,False,-0.7268263437563228,0.0045463304527619,0.2136775312798128,0,0.0993340198301653,False,True,True,False,False,False,False,False,2,2,VPD stress,BH q=0.059548562264816474,PASS,PASS,gate=FAIL; GOSIF×GLEAM fail coef=-0.5979413081804107 p=0.0036976783042178578 q=0.17379088029823933; sign consistency=0.5531914893617021; opposite significant products=3,gate=FAIL; GOSIF×GLEAM fail coef=-0.7268263437563228 p=0.004546330452761974 q=0.2136775312798128; sign consistency=0.5531914893617021,needs independent tower-derived same-feature/uWUE-response test,TIER_5_NEAR_DISCOVERY_ONLY,nonlinear/quadratic VPD regime,primary/FDR; all-product robustness; clean-product robustness; tower,131.59801356914008
FIT_OK,191,0.1792651618504882,0.0654206946376685,0.0067555128046057,0.0501798575232285,0.3083504661777478,True,0.3948137784558122,0.3665896562229869,0.0282241222328253,466.11067843955266,472.8168881241487,-6.706209684596047,0.0041255458228356,1.1386004492251924,linear__soil_texture_coarse_index,soil_texture_coarse_index,soil_texture,linear,,aridity;mean_annual_temperature;mean_annual_precipitation;growing_season_mean_lai;mean_vpd;mean_soil_moisture;lat;lon,soil_texture:omitted_same_family_as_focal_or_moderator,0.0595485622648164,0.4341554236735778,1.0,False,FIT_OK,300,0.0631678714242742,0.3048111764560663,True,1.0,FIT_OK,159,0.1947128646496001,0.0067961603229798,True,-7.219252173914242,0.0098166760220819,all,FAIL,47,1,0.7872340425531915,False,0.1825435245003338,0.0326475382498788,0.3836085744360766,1,-0.1095251986902306,False,clean,FAIL,47,1,0.7659574468085106,False,0.1896135765099395,0.0482707522056736,0.4537450707333325,1,-0.1053288309243214,False,True,True,False,False,False,False,False,2,2,soil texture,BH q=0.059548562264816474,PASS,PASS,gate=FAIL; GOSIF×GLEAM fail coef=0.18254352450033384 p=0.03264753824987886 q=0.3836085744360766; opposite significant products=1,gate=FAIL; GOSIF×GLEAM fail coef=0.18961357650993954 p=0.048270752205673666 q=0.4537450707333325; opposite significant products=1,needs independent tower-derived same-feature/uWUE-response test,TIER_5_NEAR_DISCOVERY_ONLY,linear soil_texture_coarse_index,primary/FDR; all-product robustness; clean-product robustness; tower,131.60452960187197
FIT_OK,191,0.2550991602531708,0.0931639565540252,0.0067988826724964,0.0712651695814699,0.4389331509248718,True,0.4371530906488963,0.4066220704131991,0.0305310202356972,454.2577266962527,462.34708057611647,-8.08935387986378,0.0020749393617228,2.131457811088346,interaction_with_mean_annual_temperature__mean_annual_precipitation,mean_annual_precipitation,precipitation,interaction,mean_annual_temperature,aridity;soil_texture_pc1;growing_season_mean_lai;mean_vpd;mean_soil_moisture;lat;lon,temperature:omitted_same_family_as_focal_or_moderator;precipitation:omitted_same_family_as_focal_or_moderator,0.0595485622648164,0.4341554236735778,1.0,False,FIT_OK,300,0.0964617289706109,0.4262240777372255,True,1.0,FIT_OK,159,0.2500443786924159,0.0094136699543547,True,-7.447316833939567,0.0119774548797003,all,FAIL,47,1,0.6808510638297872,False,0.2223917379150428,0.0078117869908036,0.2987184746797152,0,-0.0931593644031846,False,clean,FAIL,47,1,0.723404255319149,False,0.2518531475318488,0.0115687837093685,0.543732834340323,0,0.1091655100245812,False,True,True,False,False,False,False,False,2,2,hydroclimate,BH q=0.059548562264816474,PASS,PASS,gate=FAIL; GOSIF×GLEAM fail coef=0.22239173791504288 p=0.0078117869908036165 q=0.2987184746797152; sign consistency=0.6808510638297872,gate=FAIL; GOSIF×GLEAM fail coef=0.25185314753184884 p=0.011568783709368575 q=0.543732834340323; sign consistency=0.723404255319149,needs independent tower-derived same-feature/uWUE-response test,TIER_5_NEAR_DISCOVERY_ONLY,mean_annual_precipitation × temperature regime interaction,primary/FDR; all-product robustness; clean-product robustness; tower,131.60730882704902
FIT_OK,191,0.2550991602531707,0.0931639565540253,0.0067988826724965,0.0712651695814697,0.4389331509248718,True,0.4371530906488963,0.4066220704131991,0.0305310202356972,454.2577266962527,462.3470805761165,-8.089353879863836,0.0020749393617228,2.1314578110883464,interaction_with_mean_annual_precipitation__mat,mat,temperature,interaction,mean_annual_precipitation,aridity;soil_texture_pc1;growing_season_mean_lai;mean_vpd;mean_soil_moisture;lat;lon,temperature:omitted_same_family_as_focal_or_moderator;precipitation:omitted_same_family_as_focal_or_moderator,0.0595485622648164,0.4341554236735778,1.0,False,FIT_OK,300,0.0840747671659455,0.4242974975944521,True,1.0,FIT_OK,159,0.2500443786924157,0.0094136699543546,True,-7.447316833939567,0.0119774548797003,all,FAIL,47,1,0.6808510638297872,False,0.2223917379150427,0.0078117869908037,0.2987184746797175,0,-0.0931593644031846,False,clean,FAIL,47,1,0.723404255319149,False,0.2518531475318486,0.0115687837093685,0.5437328343403226,0,0.1091655100245812,False,True,True,False,False,False,False,False,2,2,other ecological,BH q=0.059548562264816474,PASS,PASS,gate=FAIL; GOSIF×GLEAM fail coef=0.22239173791504274 p=0.007811786990803711 q=0.2987184746797175; sign consistency=0.6808510638297872,gate=FAIL; GOSIF×GLEAM fail coef=0.2518531475318486 p=0.011568783709368565 q=0.5437328343403226; sign consistency=0.723404255319149,needs independent tower-derived same-feature/uWUE-response test,TIER_5_NEAR_DISCOVERY_ONLY,temperature regime × mean_annual_precipitation interaction,primary/FDR; all-product robustness; clean-product robustness; tower,131.60730882704902
FIT_OK,191,0.1704958911248454,0.063858974586721,0.0082822109087109,0.0444873941405849,0.2965043881091059,True,0.4198538397367597,0.4066220704131991,0.0132317693235606,460.0397551978781,462.3470805761165,-2.3073253782384313,0.0442231673257404,2.1968981002936916,low_tail_q25__rooting_depth,rooting_depth,rooting,low_tail,,aridity;mean_annual_temperature;mean_annual_precipitation;soil_texture_pc1;growing_season_mean_lai;mean_vpd;mean_soil_moisture;lat;lon,,0.06973113796375,0.5083943355552634,1.0,False,FIT_OK,300,0.0413941161771759,0.2851201424210573,True,1.0,FIT_OK,159,0.1905632626611305,0.005721846029232,True,-3.046611411772801,0.008844319857041,all,FAIL,47,1,0.6382978723404256,False,0.2142870534645389,0.0040911360956677,0.1922833964963846,0,-0.0443616020967546,False,clean,FAIL,47,1,0.723404255319149,True,0.265799464569329,0.0016024060635774,0.0753130849881396,0,-0.0507161018565599,False,True,True,False,False,False,False,False,2,2,rooting,BH q=0.06973113796375004,PASS,PASS,gate=FAIL; GOSIF×GLEAM fail coef=0.21428705346453894 p=0.004091136095667757 q=0.1922833964963846; sign consistency=0.6382978723404256,gate=FAIL; sign consistency=0.723404255319149,needs independent tower-derived same-feature/uWUE-response test,TIER_5_NEAR_DISCOVERY_ONLY,low-threshold / sparse-tail rooting depth,primary/FDR; all-product robustness; clean-product robustness; tower,131.7615730383792
FIT_OK,191,0.3382526070428922,0.1267263487353384,0.0083033432812241,0.0881828144725592,0.5883223996132252,True,0.4380607962173616,0.4081617380719775,0.029899058145384,455.94945155098054,463.8508391471587,-7.901387596178154,0.0023504073223549,3.8267033568406057,interaction_with_mean_annual_temperature__median_lai,median_lai,canopy_structure,interaction,mean_annual_temperature,aridity;mean_annual_precipitation;soil_texture_pc1;growing_season_mean_lai;mean_vpd;mean_soil_moisture;lat;lon,temperature:omitted_same_family_as_focal_or_moderator,0.06973113796375,0.5083943355552634,1.0,False,FIT_OK,300,0.100420458478846,0.5777783553393829,True,1.0,FIT_OK,159,0.382023546256891,0.0042987953593023,True,-9.127164019532929,0.0075068515975876,all,FAIL,47,1,0.8297872340425532,False,0.3521546039409065,0.0265537863630127,0.1782897084373715,0,-0.019483136056007,False,clean,FAIL,47,1,0.8723404255319149,False,0.3956527750780862,0.0411642598867457,0.2865940610704431,0,-0.0611470731603914,False,True,True,False,False,False,False,False,2,2,canopy structure/productivity,BH q=0.06973113796375004,PASS,PASS,gate=FAIL; GOSIF×GLEAM fail coef=0.3521546039409065 p=0.026553786363012782 q=0.17828970843737155,gate=FAIL; GOSIF×GLEAM fail coef=0.39565277507808627 p=0.041164259886745734 q=0.2865940610704431,needs independent tower-derived same-feature/uWUE-response test,TIER_5_NEAR_DISCOVERY_ONLY,LAI / canopy structure × temperature regime interaction,primary/FDR; all-product robustness; clean-product robustness; tower,131.76267974577448
FIT_OK,191,0.2191350870705654,0.0846259132084104,0.010394772723446,0.0521548704742406,0.3861153036668903,True,0.4084313713392264,0.3688164946080702,0.0396148767311562,461.76380238010034,472.1442190747936,-10.38041669469328,0.0006249882790466,1.212175585230529,low_tail_q25__median_vpd_sm_interaction_all,median_vpd_sm_interaction_all,baseline_vpd,low_tail,,aridity;mean_annual_temperature;mean_annual_precipitation;soil_texture_pc1;growing_season_mean_lai;mean_soil_moisture;lat;lon,baseline_vpd:omitted_same_family_as_focal_or_moderator,0.0784853023063859,0.5722190155229069,1.0,False,FIT_OK,300,0.0563951190909625,0.3591853203119864,True,1.0,FIT_OK,159,0.2185933635993836,0.0119093969813289,True,-8.898091806245816,0.0136607788903479,all,FAIL,47,1,0.7021276595744681,True,0.2569317108369779,0.001736105964183,0.0815969803166043,0,-0.2040633696450711,False,clean,FAIL,47,1,0.723404255319149,False,0.2342664408640023,0.0049797810215317,0.2340497080119924,1,-0.2991410735983858,False,True,True,False,False,False,False,False,2,2,VPD stress,BH q=0.0784853023063859,PASS,PASS,gate=FAIL; sign consistency=0.7021276595744681,gate=FAIL; GOSIF×GLEAM fail coef=0.23426644086400233 p=0.004979781021531754 q=0.23404970801199243; sign consistency=0.723404255319149; opposite significant products=1,needs independent tower-derived same-feature/uWUE-response test,TIER_5_NEAR_DISCOVERY_ONLY,low-threshold / sparse-tail median_vpd_sm_interaction_all,primary/FDR; all-product robustness; clean-product robustness; tower,131.911603333547
FIT_OK,191,-0.1820800422670268,0.0706155884216286,0.0107188469145562,-0.3214156878473762,-0.0427443966866774,True,0.3852119337374697,0.3688164946080702,0.0163954391293995,469.117283134672,472.1442190747936,-3.026935940121632,0.0292875164933553,2.0220953845947203,high_tail_q75__sd_vpd,sd_vpd,baseline_vpd,high_tail,,aridity;mean_annual_temperature;mean_annual_precipitation;soil_texture_pc1;growing_season_mean_lai;mean_soil_moisture;lat;lon,baseline_vpd:omitted_same_family_as_focal_or_moderator,0.080196463733453,0.5846947157931911,1.0,False,FIT_OK,300,-0.3324361250043197,-0.0434976745880102,True,1.0,FIT_OK,159,-0.1796143274280638,0.0260401060951728,True,-1.7655809224743848,0.0269618797622586,all,FAIL,47,1,0.6595744680851063,True,0.1707247748288986,0.0134883793715751,0.0337974059172426,9,0.0608473326056836,False,clean,FAIL,47,1,0.574468085106383,False,0.1641555360560704,0.1165854518220699,0.2382398363320559,9,-0.0351295930117543,False,True,True,False,False,False,False,False,2,2,VPD stress,BH q=0.080196463733453,PASS,PASS,gate=FAIL; sign consistency=0.6595744680851063; opposite significant products=9,gate=FAIL; GOSIF×GLEAM fail coef=0.16415553605607042 p=0.11658545182206993 q=0.23823983633205595; sign consistency=0.574468085106383; opposite significant products=9,needs independent tower-derived same-feature/uWUE-response test,TIER_5_NEAR_DISCOVERY_ONLY,high-threshold / upper-tail sd_vpd,primary/FDR; all-product robustness; clean-product robustness; tower,131.93430328689064
FIT_OK,191,0.226217474471691,0.0899680416402129,0.0127994231981312,0.0486897616158385,0.4037451873275436,True,0.4304812403819126,0.4075070065482525,0.02297423383366,456.50848046305566,462.06201947901775,-5.553539015962087,0.0077133964277674,2.227466914756194,interaction_with_mean_annual_precipitation__p10_temperature,p10_temperature,temperature,interaction,mean_annual_precipitation,aridity;soil_texture_pc1;growing_season_mean_lai;mean_vpd;mean_soil_moisture;lat;lon,temperature:omitted_same_family_as_focal_or_moderator;precipitation:omitted_same_family_as_focal_or_moderator,0.0915993503657563,0.6678306453381174,1.0,False,FIT_OK,300,0.0582117343885898,0.4145396702751412,True,1.0,FIT_OK,159,0.205837440926545,0.030118753811314,True,-4.279004328935514,0.0309113525958223,all,FAIL,47,1,0.6382978723404256,False,0.1598646119506291,0.030528814468082,0.4775189947557044,0,-0.0626457759339304,False,clean,FAIL,47,1,0.6170212765957447,False,0.1606858827940963,0.0653462174399917,0.8459101697990129,0,0.0138480136275004,False,True,True,False,False,False,False,False,2,2,temperature gradient,BH q=0.09159935036575638,PASS,PASS,gate=FAIL; GOSIF×GLEAM fail coef=0.15986461195062918 p=0.030528814468082074 q=0.4775189947557044; sign consistency=0.6382978723404256,gate=FAIL; GOSIF×GLEAM fail coef=0.16068588279409635 p=0.06534621743999179 q=0.8459101697990129; sign consistency=0.6170212765957447,needs independent tower-derived same-feature/uWUE-response test,TIER_5_NEAR_DISCOVERY_ONLY,cold-tail temperature regime × mean_annual_precipitation interaction,primary/FDR; all-product robustness; clean-product robustness; tower,132.06908279235546
